/m/07z2lx;/award/award_category/category_of;/m/0gcf2r;/m/0bxtg;/award/award_nominee/award_nominations./award/award_nomination/award;/m/07z2lx;/m/07z2lx;/award/award_category/winners./award/award_honor/ceremony;/m/05c1t6z;/m/07z2lx;/award/award_category/nominees./award/award_nomination/nominated_for;/m/0ddd0gc;/m/02py4c8;/award/award_winning_work/awards_won./award/award_honor/award;/m/07z2lx;8.901481;1;11.26505;1;10.183998;1;7.7884197;1;0.7466929801214512
/m/0fm3kw;/award/award_category/disciplines_or_subjects;/m/02vxn;/m/0fm3kw;/award/award_category/nominees./award/award_nomination/nominated_for;/m/0gpx6;/m/0fm3kw;/award/award_category/nominees./award/award_nomination/nominated_for;/m/02vr3gz;/m/0gpx6;/award/award_winning_work/awards_won./award/award_honor/award;/m/0fm3kw;/m/0fm3kw;/award/award_category/disciplines_or_subjects;/m/0w7c;7.5022526;1;8.562192;1;7.2387023;2;6.7352886;1;1.7897617101058185
/m/0fm3b5;/award/award_category/nominees./award/award_nomination/nominated_for;/m/06823p;/m/0fm3b5;/award/award_category/nominees./award/award_nomination/nominated_for;/m/091z_p;/m/0fm3b5;/award/award_category/nominees./award/award_nomination/nominated_for;/m/0gpx6;/m/0fm3b5;/award/award_category/nominees./award/award_nomination/nominated_for;/m/0cvkv5;/m/0fm3b5;/award/award_category/nominees./award/award_nomination/nominated_for;/m/040rmy;6.2809153;1;7.8420663;1;7.3957925;5;5.766019;5;4.6097529330310785
/m/0fbtbt;/award/award_category/nominees./award/award_nomination/nominated_for;/m/039fgy;/m/0fbtbt;/award/award_category/winners./award/award_honor/award_winner;/m/05ldnp;/m/04g3p5;/award/award_nominee/award_nominations./award/award_nomination/award;/m/0fbtbt;/m/05ldnp;/award/award_nominee/award_nominations./award/award_nomination/award;/m/0fbtbt;/m/0fbtbt;/award/award_category/winners./award/award_honor/award_winner;/m/04g3p5;6.4939184;1;7.556008;1;7.3188996;1;6.280513;1;0.5590008955743856
/m/0gs96;/award/award_category/winners./award/award_honor/ceremony;/m/05qb8vx;/m/0gs96;/award/award_category/category_of;/m/0g_w;/m/02z0f6l;/award/award_winning_work/awards_won./award/award_honor/award;/m/0gs96;/m/0gs96;/award/award_category/winners./award/award_honor/ceremony;/m/0bzkvd;/m/0gs96;/award/award_category/winners./award/award_honor/ceremony;/m/073hkh;6.3101845;1;8.547864;1;8.517304;3;6.294657;3;2.5076392904394535
/m/0257__;/award/award_category/winners./award/award_honor/ceremony;/m/02rjjll;/m/0257__;/award/award_category/winners./award/award_honor/ceremony;/m/02cg41;/m/0257__;/award/award_category/winners./award/award_honor/ceremony;/m/01mh_q;/m/0257__;/award/award_category/winners./award/award_honor/ceremony;/m/019bk0;/m/0257__;/award/award_category/winners./award/award_honor/ceremony;/m/05pd94v;6.7829776;1;9.118533;1;8.597988;5;6.4388256;5;4.627275198063152
/m/01c92g;/award/award_category/winners./award/award_honor/ceremony;/m/01mhwk;/m/01c92g;/award/award_category/winners./award/award_honor/award_winner;/m/012x4t;/m/01c92g;/award/award_category/winners./award/award_honor/award_winner;/m/09889g;/m/01c92g;/award/award_category/category_of;/m/0c4ys;/m/01c92g;/award/award_category/winners./award/award_honor/award_winner;/m/02qwg;6.2821083;1;8.385649;1;8.269273;1;6.1319294;1;0.5290611893553678
/m/023vrq;/award/award_category/winners./award/award_honor/ceremony;/m/056878;/m/023vrq;/award/award_category/category_of;/m/0c4ys;/m/023vrq;/award/award_category/winners./award/award_honor/ceremony;/m/05pd94v;/m/023vrq;/award/award_category/winners./award/award_honor/ceremony;/m/0jzphpx;/m/023vrq;/award/award_category/winners./award/award_honor/ceremony;/m/02rjjll;6.769187;1;8.796383;1;8.443758;3;6.454953;2;2.5872539636227225
/m/0gq_d;/award/award_category/winners./award/award_honor/ceremony;/m/073hmq;/m/0gq_d;/award/award_category/winners./award/award_honor/ceremony;/m/0bzlrh;/m/0gq_d;/award/award_category/winners./award/award_honor/ceremony;/m/0bc773;/m/0gq_d;/award/award_category/winners./award/award_honor/ceremony;/m/0bz6sb;/m/0gq_d;/award/award_category/winners./award/award_honor/ceremony;/m/0bzm81;6.531821;1;8.8019495;1;8.697364;5;6.601411;3;4.526122605137613
/m/03nc9d;/award/award_category/winners./award/award_honor/ceremony;/m/09n4nb;/m/03nc9d;/award/award_category/winners./award/award_honor/ceremony;/m/013b2h;/m/03nc9d;/award/award_category/winners./award/award_honor/ceremony;/m/019bk0;/m/03nc9d;/award/award_category/winners./award/award_honor/ceremony;/m/0gpjbt;/m/03nc9d;/award/award_category/winners./award/award_honor/ceremony;/m/02cg41;6.9583216;1;9.72339;1;9.384003;5;6.7734404;5;4.584041595650303
/m/02gx2k;/award/award_category/winners./award/award_honor/ceremony;/m/0gpjbt;/m/02gx2k;/award/award_category/winners./award/award_honor/ceremony;/m/02rjjll;/m/02gx2k;/award/award_category/winners./award/award_honor/ceremony;/m/09n4nb;/m/02gx2k;/award/award_category/winners./award/award_honor/ceremony;/m/01s695;/m/02gx2k;/award/award_category/winners./award/award_honor/ceremony;/m/013b2h;7.1025667;1;10.010596;1;9.719722;5;7.0868425;4;4.572210206916631
/m/019bnn;/award/award_category/winners./award/award_honor/ceremony;/m/09n4nb;/m/019bnn;/award/award_category/winners./award/award_honor/ceremony;/m/0466p0j;/m/019bnn;/award/award_category/winners./award/award_honor/ceremony;/m/0gpjbt;/m/019bnn;/award/award_category/winners./award/award_honor/ceremony;/m/056878;/m/019bnn;/award/award_category/winners./award/award_honor/ceremony;/m/0gx1673;6.3691206;1;7.7388773;1;6.841092;6;5.596554;5;5.710494145261957
/m/0gqzz;/award/award_category/winners./award/award_honor/ceremony;/m/04110lv;/m/0gqzz;/award/award_category/winners./award/award_honor/ceremony;/m/0gmdkyy;/m/0gqzz;/award/award_category/winners./award/award_honor/ceremony;/m/02hn5v;/m/0gqzz;/award/award_category/winners./award/award_honor/ceremony;/m/0n8_m93;/m/0gqzz;/award/award_category/winners./award/award_honor/ceremony;/m/02pgky2;6.046577;1;7.9247975;1;7.5255795;5;5.3245296;2;4.5984997815252955
/m/0bzkgg;/award/award_ceremony/awards_presented./award/award_honor/honored_for;/m/01jc6q;/m/0bzkgg;/award/award_ceremony/awards_presented./award/award_honor/award_winner;/m/02t__l;/m/0bzkgg;/award/award_ceremony/awards_presented./award/award_honor/award_winner;/m/0jf1b;/m/0bzkgg;/award/award_ceremony/awards_presented./award/award_honor/award_winner;/m/01p7b6b;/m/0bzkgg;/award/award_ceremony/awards_presented./award/award_honor/award_winner;/m/0g476;9.541166;1;10.693563;1;8.6033745;1;6.4075084;1;0.889945936122261
/m/0bxs_d;/award/award_ceremony/awards_presented./award/award_honor/honored_for;/m/015g28;/m/0bxs_d;/award/award_ceremony/awards_presented./award/award_honor/award_winner;/m/0h5j77;/m/0bxs_d;/award/award_ceremony/awards_presented./award/award_honor/award_winner;/m/04wp2p;/m/0bxs_d;/award/award_ceremony/awards_presented./award/award_honor/honored_for;/m/030cx;/m/0bxs_d;/award/award_ceremony/awards_presented./award/award_honor/honored_for;/m/01g03q;7.2913494;1;8.170592;2;7.6052456;6;6.2473564;7;4.637688762759679
/m/0f502;/award/award_nominee/award_nominations./award/award_nomination/award;/m/09sb52;/m/01mqc_;/award/award_nominee/award_nominations./award/award_nomination/award_nominee;/m/0f502;/m/0f502;/award/award_nominee/award_nominations./award/award_nomination/award_nominee;/m/02bkdn;/m/0f502;/award/award_nominee/award_nominations./award/award_nomination/nominated_for;/m/0bt3j9;/m/01wgcvn;/award/award_nominee/award_nominations./award/award_nomination/award_nominee;/m/0f502;6.396144;1;7.7979193;1;7.669738;1;6.0365405;2;0.5320015596091369
/m/015bwt;/award/award_nominee/award_nominations./award/award_nomination/award;/m/01d38g;/m/015bwt;/award/award_nominee/award_nominations./award/award_nomination/award;/m/031b3h;/m/015bwt;/award/award_nominee/award_nominations./award/award_nomination/award;/m/01c427;/m/031b3h;/award/award_category/winners./award/award_honor/award_winner;/m/015bwt;/m/015bwt;/award/award_nominee/award_nominations./award/award_nomination/award;/m/03qbh5;7.0548377;1;9.824622;1;9.068458;4;5.891362;4;3.6805204376548506
/m/07xr3w;/award/award_nominee/award_nominations./award/award_nomination/award;/m/0gr0m;/m/05sbv3;/award/award_winning_work/awards_won./award/award_honor/award_winner;/m/07xr3w;/m/07xr3w;/people/person/gender;/m/05zppz;/m/07xr3w;/people/person/profession;/m/0dgd_;/m/025scjj;/film/film/cinematography;/m/07xr3w;7.382904;1;8.959331;1;7.9018464;2;6.232117;1;1.7422094696081167
/m/05txrz;/award/award_nominee/award_nominations./award/award_nomination/award;/m/05zvj3m;/m/05txrz;/award/award_nominee/award_nominations./award/award_nomination/nominated_for;/m/02825nf;/m/05txrz;/award/award_nominee/award_nominations./award/award_nomination/nominated_for;/m/06fpsx;/m/05txrz;/film/actor/film./film/performance/film;/m/09146g;/m/05txrz;/people/person/places_lived./people/place_lived/location;/m/030qb3t;6.5190883;1;8.48712;1;8.219838;1;6.285845;1;0.5664254037709044
/m/02l48d;/award/ranked_item/appears_in_ranked_lists./award/ranking/list;/m/01ptsx;/m/0dq_5;/business/job_title/people_with_this_title./business/employment_tenure/company;/m/02l48d;/m/02l48d;/award/ranked_item/appears_in_ranked_lists./award/ranking/list;/m/01pd60;/m/02l48d;/business/business_operation/assets./measurement_unit/dated_money_value/currency;/m/09nqf;;;;8.875801;1;12.4212475;1;11.969685;2;8.56058;1;1.6110107587037272
/m/0d35y;/base/petbreeds/city_with_dogs/top_breeds./base/petbreeds/dog_city_relationship/dog_breed;/m/01t032;/m/0d35y;/base/biblioness/bibs_location/country;/m/09c7w0;/m/0d35y;/base/petbreeds/city_with_dogs/top_breeds./base/petbreeds/dog_city_relationship/dog_breed;/m/0km3f;/m/0d35y;/base/petbreeds/city_with_dogs/top_breeds./base/petbreeds/dog_city_relationship/dog_breed;/m/01_gx_;/m/0d35y;/location/hud_foreclosure_area/estimated_number_of_mortgages./measurement_unit/dated_integer/source;/m/0jbk9;7.4895215;1;9.547519;1;8.609884;3;6.30745;2;2.7186215834346488
/m/05xvj;/baseball/baseball_team/team_stats./baseball/baseball_team_stats/season;/m/027pwzc;/m/05xvj;/sports/sports_team/roster./baseball/baseball_roster_position/position;/m/01z9v6;/m/01z9v6;/sports/sports_position/players./sports/sports_team_roster/team;/m/05xvj;/m/05xvj;/baseball/baseball_team/team_stats./baseball/baseball_team_stats/season;/m/0285r5d;/m/05xvj;/sports/sports_team/roster./baseball/baseball_roster_position/position;/m/02lyr4;8.532684;1;11.183222;1;11.08304;2;8.304401;1;1.5250244688725272
/m/01gb54;/business/business_operation/industry;/m/02vxn;/m/01gb54;/award/award_nominee/award_nominations./award/award_nomination/award;/m/05p1dby;/m/0872p_c;/film/film/production_companies;/m/01gb54;/m/01gb54;/film/film_distributor/films_distributed./film/film_film_distributor_relationship/film;/m/0ds3t5x;/m/05nn4k;/award/award_nominee/award_nominations./award/award_nomination/award_nominee;/m/01gb54;7.7995787;1;8.771566;1;8.7014475;1;7.332022;1;0.5175225472483765
/m/027b43;/education/educational_institution/school_type;/m/05jxkf;/m/016t_3;/education/educational_degree/people_with_this_degree./education/education/institution;/m/027b43;/m/02h4rq6;/education/educational_degree/people_with_this_degree./education/education/institution;/m/027b43;/m/027b43;/education/educational_institution/colors;/m/083jv;/m/027b43;/common/topic/webpage./common/webpage/category;/m/08mbj5d;7.77092;1;10.86318;1;9.418887;1;7.241493;1;0.8091185703269848
/m/017y6l;/education/educational_institution/students_graduates./education/education/major_field_of_study;/m/02j62;/m/017y6l;/education/educational_institution/students_graduates./education/education/major_field_of_study;/m/04rjg;/m/014mlp;/education/educational_degree/people_with_this_degree./education/education/institution;/m/017y6l;/m/017y6l;/common/topic/webpage./common/webpage/category;/m/08mbj5d;/m/017y6l;/education/educational_institution/colors;/m/019sc;6.6778173;1;9.705213;1;8.7212105;2;5.808467;1;1.7279016009303234
/m/09hgk;/education/educational_institution/students_graduates./education/education/student;/m/03f0324;/m/09hgk;/organization/organization/headquarters./location/mailing_address/state_province_region;/m/05ywg;/m/05ywg;/location/location/contains;/m/09hgk;;;;;;;6.0731497;1;7.251409;2;5.2390776;28;2.5891566;191;26.882085737271687
/m/062z7;/education/field_of_study/students_majoring./education/education/major_field_of_study;/m/02j62;/m/062z7;/education/field_of_study/students_majoring./education/education/major_field_of_study;/m/05qfh;/m/0bkj86;/education/educational_degree/people_with_this_degree./education/education/major_field_of_study;/m/062z7;/m/062z7;/user/tsegaran/random/taxonomy_subject/entry./user/tsegaran/random/taxonomy_entry/taxonomy;/m/04n6k;/m/062z7;/education/field_of_study/students_majoring./education/education/major_field_of_study;/m/03g3w;6.347962;1;7.5881195;3;7.510749;5;6.329885;1;2.519333017563624
/m/03cxsvl;/film/actor/film./film/performance/film;/m/0h1fktn;/m/07sgfsl;/award/award_nominee/award_nominations./award/award_nomination/award_nominee;/m/03cxsvl;/m/03cxsvl;/award/award_nominee/award_nominations./award/award_nomination/award_nominee;/m/07sgfsl;;;;;;;8.6219225;1;10.537207;1;10.491939;1;8.397077;1;0.5113150825239688
/m/06w2sn5;/film/actor/film./film/performance/special_performance_type;/m/01pb34;/m/06w2sn5;/people/person/profession;/m/09jwl;/m/06w2sn5;/base/schemastaging/person_extra/net_worth./measurement_unit/dated_money_value/currency;/m/09nqf;/m/06w2sn5;/award/award_nominee/award_nominations./award/award_nomination/award;/m/0c422z4;/m/06w2sn5;/common/topic/webpage./common/webpage/category;/m/08mbj5d;7.2799425;1;9.263287;1;8.590561;1;6.769342;1;0.6621132150647685
/m/06rmdr;/film/film/costume_design_by;/m/06w33f8;/m/06rmdr;/film/film/country;/m/09c7w0;/m/06rmdr;/film/film/production_companies;/m/05h4t7;/m/06rmdr;/film/film/language;/m/02h40lc;/m/03ktjq;/award/award_nominee/award_nominations./award/award_nomination/nominated_for;/m/06rmdr;7.3641977;1;10.004186;1;9.71796;2;6.889161;1;1.5710717783962524
/m/027m5wv;/film/film/executive_produced_by;/m/05hj_k;/m/027m5wv;/film/film/executive_produced_by;/m/06q8hf;/m/0jz9f;/film/film_distributor/films_distributed./film/film_film_distributor_relationship/film;/m/027m5wv;/m/027m5wv;/film/film/language;/m/02h40lc;/m/027m5wv;/film/film/produced_by;/m/04t38b;8.726238;1;12.672021;1;11.456439;2;6.756866;1;1.7712851104010119
/m/0hmm7;/film/film/film_format;/m/0cj16;/m/0hmm7;/film/film/genre;/m/07s9rl0;/m/0hmm7;/film/film/release_date_s./film/film_regional_release_date/film_release_region;/m/09c7w0;/m/0hmm7;/film/film/country;/m/09c7w0;/m/0hmm7;/film/film/language;/m/02h40lc;7.883587;1;10.568857;1;10.0164585;1;7.283413;1;0.6346919242189211
/m/06kl78;/film/film/film_production_design_by;/m/03mdw3c;/m/06kl78;/film/film/written_by;/m/026fd;/m/06kl78;/film/film/produced_by;/m/026fd;/m/09blyk;/media_common/netflix_genre/titles;/m/06kl78;/m/02qwdhq;/award/award_category/nominees./award/award_nomination/nominated_for;/m/06kl78;9.195056;1;11.371257;1;11.0729265;1;8.976722;1;0.5740342958360523
/m/03hkch7;/film/film/genre;/m/0219x_;/m/07s9rl0;/media_common/netflix_genre/titles;/m/03hkch7;/m/03hkch7;/film/film/genre;/m/07s9rl0;/m/02x8n1n;/award/award_category/nominees./award/award_nomination/nominated_for;/m/03hkch7;/m/03hkch7;/award/award_winning_work/awards_won./award/award_honor/award_winner;/m/01g1lp;6.380606;1;8.429298;1;8.246056;2;6.171021;3;1.5456829427481356
/m/01chpn;/film/film/genre;/m/01t_vv;/m/01chpn;/film/film/release_date_s./film/film_regional_release_date/film_release_region;/m/09c7w0;/m/01chpn;/film/film/genre;/m/07s9rl0;/m/01chpn;/film/film/genre;/m/06nbt;/m/07s9rl0;/media_common/netflix_genre/titles;/m/01chpn;6.6444573;1;8.574229;1;8.206821;2;6.232753;2;1.5908324630426762
/m/048rn;/film/film/genre;/m/02kdv5l;/m/03k9fj;/media_common/netflix_genre/titles;/m/048rn;/m/086k8;/film/film_distributor/films_distributed./film/film_film_distributor_relationship/film;/m/048rn;/m/048rn;/film/film/genre;/m/0hcr;/m/048rn;/film/film/genre;/m/03k9fj;7.074612;1;8.975987;1;8.008655;3;6.1004133;2;2.7245875571423355
/m/0418wg;/film/film/language;/m/02bjrlw;/m/0418wg;/film/film/language;/m/064_8sq;/m/046zh;/film/actor/film./film/performance/film;/m/0418wg;/m/0418wg;/film/film/genre;/m/05p553;/m/02pqgt8;/award/award_nominee/award_nominations./award/award_nomination/nominated_for;/m/0418wg;6.777109;1;8.778011;1;8.274112;4;6.2099504;3;3.623375307058433
/m/048rn;/film/film/music;/m/01pr6q7;/m/048rn;/film/film/genre;/m/01g6gs;/m/048rn;/film/film/costume_design_by;/m/04vzv4;/m/048rn;/film/film/executive_produced_by;/m/0hqcy;/m/0cb77r;/film/film_set_designer/film_sets_designed;/m/048rn;8.695477;1;11.008612;1;9.753624;2;6.4343705;5;1.7781620645122977
/m/083skw;/film/film/other_crew./film/film_crew_gig/film_crew_role;/m/09zzb8;/m/083skw;/film/film/genre;/m/02l7c8;/m/083skw;/film/film/genre;/m/07s9rl0;/m/083skw;/common/topic/webpage./common/webpage/category;/m/08mbj5d;/m/083skw;/film/film/estimated_budget./measurement_unit/dated_money_value/currency;/m/09nqf;6.2927628;1;8.40007;1;7.8657074;1;6.0958395;1;0.6305000880513861
/m/02fj8n;/film/film/other_crew./film/film_crew_gig/film_crew_role;/m/01vx2h;/m/02fj8n;/film/film/genre;/m/01hmnh;/m/02fj8n;/film/film/genre;/m/02kdv5l;/m/02fj8n;/film/film/language;/m/02h40lc;/m/02fj8n;/film/film/other_crew./film/film_crew_gig/film_crew_role;/m/09vw2b7;6.751753;1;9.018566;1;8.552251;2;6.48097;2;1.6145112601299485
/m/031ldd;/film/film/other_crew./film/film_crew_gig/film_crew_role;/m/02r96rf;/m/031ldd;/film/film/release_date_s./film/film_regional_release_date/film_release_region;/m/0jgd;/m/031ldd;/film/film/other_crew./film/film_crew_gig/film_crew_role;/m/0dxtw;/m/031ldd;/film/film/release_date_s./film/film_regional_release_date/film_release_region;/m/03_3d;/m/031ldd;/film/film/other_crew./film/film_crew_gig/film_crew_role;/m/09zzb8;6.5291457;1;8.474286;1;8.087537;2;6.1336627;2;1.5954999073290563
/m/02xs6_;/film/film/other_crew./film/film_crew_gig/film_crew_role;/m/02r96rf;/m/02xs6_;/film/film/other_crew./film/film_crew_gig/film_crew_role;/m/02ynfr;/m/02xs6_;/film/film/country;/m/09c7w0;/m/02xs6_;/film/film/other_crew./film/film_crew_gig/film_crew_role;/m/09zzb8;/m/02xs6_;/film/film/other_crew./film/film_crew_gig/film_crew_role;/m/0ch6mp2;7.239138;1;9.825588;1;9.365829;3;6.702119;3;2.612956945400601
/m/02nczh;/film/film/other_crew./film/film_crew_gig/film_crew_role;/m/09zzb8;/m/02nczh;/film/film/other_crew./film/film_crew_gig/film_crew_role;/m/0ch6mp2;/m/02nczh;/film/film/genre;/m/07s9rl0;/m/05pcn59;/award/award_category/nominees./award/award_nomination/nominated_for;/m/02nczh;/m/02nczh;/film/film/genre;/m/02l7c8;7.111788;1;9.427765;1;8.92039;2;6.757988;1;1.6241908563953054
/m/023p33;/film/film/produced_by;/m/081nh;/m/023p33;/film/film/production_companies;/m/04rcl7;/m/023p33;/film/film/production_companies;/m/09b3v;/m/0gqz2;/award/award_category/nominees./award/award_nomination/nominated_for;/m/023p33;;;;6.0418315;1;8.207487;1;6.4237227;8;3.8183534;9;7.856161066290906
/m/02c7k4;/film/film/production_companies;/m/01795t;/m/09b3v;/media_common/netflix_genre/titles;/m/02c7k4;/m/02c7k4;/film/film/production_companies;/m/0kk9v;/m/02jyhv;/film/actor/film./film/performance/film;/m/02c7k4;/m/02c7k4;/film/film/language;/m/02h40lc;8.379818;1;11.795419;1;11.350535;2;7.7811913;1;1.609422017334598
/m/0407yfx;/film/film/release_date_s./film/film_regional_release_date/film_release_region;/m/0k6nt;/m/0407yfx;/film/film/release_date_s./film/film_regional_release_date/film_release_region;/m/05qhw;/m/0407yfx;/film/film/release_date_s./film/film_regional_release_date/film_release_region;/m/05r4w;/m/0407yfx;/film/film/release_date_s./film/film_regional_release_date/film_release_region;/m/0154j;/m/0407yfx;/film/film/release_date_s./film/film_regional_release_date/film_release_region;/m/0jgd;5.909016;1;8.639381;1;8.498075;6;5.718492;5;5.535268053840253
/m/0dlngsd;/film/film/release_date_s./film/film_regional_release_date/film_release_region;/m/05qhw;/m/0dlngsd;/film/film/release_date_s./film/film_regional_release_date/film_release_region;/m/035qy;/m/0dlngsd;/film/film/release_date_s./film/film_regional_release_date/film_release_region;/m/0345h;/m/0dlngsd;/film/film/release_date_s./film/film_regional_release_date/film_release_region;/m/01mjq;/m/0dlngsd;/film/film/release_date_s./film/film_regional_release_date/film_release_region;/m/015fr;6.0948286;1;9.148882;1;9.043156;4;6.033089;3;3.526406966923907
/m/0c3ybss;/film/film/release_date_s./film/film_regional_release_date/film_release_region;/m/0jgd;/m/0c3ybss;/film/film/release_date_s./film/film_regional_release_date/film_release_region;/m/015fr;/m/0c3ybss;/film/film/release_date_s./film/film_regional_release_date/film_release_region;/m/05r4w;/m/0c3ybss;/film/film/release_date_s./film/film_regional_release_date/film_release_region;/m/05qhw;/m/0c3ybss;/film/film/release_date_s./film/film_regional_release_date/film_release_region;/m/0d060g;6.1919427;1;9.356649;1;9.268662;4;5.825436;7;3.5219825564879663
/m/0gffmn8;/film/film/release_date_s./film/film_regional_release_date/film_release_region;/m/0k6nt;/m/0gffmn8;/film/film/release_date_s./film/film_regional_release_date/film_release_region;/m/0d0vqn;/m/0gffmn8;/film/film/release_date_s./film/film_regional_release_date/film_release_region;/m/0f8l9c;/m/0gffmn8;/film/film/release_date_s./film/film_regional_release_date/film_release_region;/m/06mkj;;;;5.660633;1;8.511489;1;8.371188;6;5.5797634;5;5.535017764834991
/m/064lsn;/film/film/release_date_s./film/film_regional_release_date/film_release_region;/m/03rjj;/m/064lsn;/film/film/release_date_s./film/film_regional_release_date/film_release_region;/m/0f8l9c;/m/064lsn;/film/film/release_date_s./film/film_regional_release_date/film_release_region;/m/0h7x;/m/064lsn;/film/film/release_date_s./film/film_regional_release_date/film_release_region;/m/0k6nt;/m/064lsn;/film/film/release_date_s./film/film_regional_release_date/film_release_region;/m/0d0vqn;6.1620274;1;8.582577;1;8.405404;4;5.8936014;4;3.5441776636563933
/m/0j43swk;/film/film/release_date_s./film/film_regional_release_date/film_release_region;/m/015fr;/m/0j43swk;/film/film/release_date_s./film/film_regional_release_date/film_release_region;/m/05qhw;/m/0j43swk;/film/film/release_date_s./film/film_regional_release_date/film_release_region;/m/0jgd;/m/0j43swk;/film/film/release_date_s./film/film_regional_release_date/film_release_region;/m/0b90_r;/m/0j43swk;/film/film/release_date_s./film/film_regional_release_date/film_release_region;/m/035qy;5.8288693;1;8.790011;1;8.630217;5;5.660986;3;4.5398639129091825
/m/07f_7h;/film/film/release_date_s./film/film_regional_release_date/film_release_region;/m/01znc_;/m/07f_7h;/film/film/release_date_s./film/film_regional_release_date/film_release_region;/m/035qy;/m/07f_7h;/film/film/release_date_s./film/film_regional_release_date/film_release_region;/m/0d0vqn;/m/07f_7h;/film/film/release_date_s./film/film_regional_release_date/film_release_region;/m/015fr;/m/07f_7h;/film/film/release_date_s./film/film_regional_release_date/film_release_region;/m/0jgd;5.9879513;1;9.285604;1;9.151223;6;5.8343377;4;5.533544621053978
/m/07s846j;/film/film/release_date_s./film/film_regional_release_date/film_release_region;/m/05b4w;/m/07s846j;/film/film/release_date_s./film/film_regional_release_date/film_release_region;/m/0d0vqn;/m/07s846j;/film/film/release_date_s./film/film_regional_release_date/film_release_region;/m/015fr;/m/07s846j;/film/film/release_date_s./film/film_regional_release_date/film_release_region;/m/05qhw;/m/07s846j;/film/film/release_date_s./film/film_regional_release_date/film_release_region;/m/035qy;5.815566;1;8.09171;1;7.968162;5;5.6121106;5;4.5308477790191635
/m/07bzz7;/film/film/release_date_s./film/film_regional_release_date/film_release_region;/m/03rjj;/m/07bzz7;/film/film/release_date_s./film/film_regional_release_date/film_release_region;/m/0f8l9c;/m/07bzz7;/film/film/release_date_s./film/film_regional_release_date/film_release_region;/m/07ssc;/m/07bzz7;/film/film/estimated_budget./measurement_unit/dated_money_value/currency;/m/01nv4h;/m/07bzz7;/film/film/release_date_s./film/film_regional_release_date/film_release_region;/m/02vzc;5.715096;1;8.275761;1;8.109655;5;5.6172566;4;4.541431101049158
/m/024mxd;/film/film/story_by;/m/011s9r;/m/024mxd;/film/film/country;/m/09c7w0;/m/024mxd;/film/film/story_by;/m/01y8d4;/m/024mxd;/film/film/genre;/m/01hmnh;/m/024mxd;/award/award_nominated_work/award_nominations./award/award_nomination/nominated_for;/m/0d_wms;9.475683;1;11.453344;1;11.018536;2;8.39086;2;1.60702136248793
/m/0fbw6;/food/food/nutrients./food/nutrition_fact/nutrient;/m/0h1tz;/m/0fbw6;/food/food/nutrients./food/nutrition_fact/nutrient;/m/02kcv4x;/m/0fbw6;/food/food/nutrients./food/nutrition_fact/nutrient;/m/07hnp;/m/0fbw6;/food/food/nutrients./food/nutrition_fact/nutrient;/m/025rsfk;/m/0fbw6;/food/food/nutrients./food/nutrition_fact/nutrient;/m/06jry;7.1939144;1;9.360877;1;9.332136;5;6.879765;6;4.507184726153582
/m/01nkt;/food/food/nutrients./food/nutrition_fact/nutrient;/m/0f4hc;/m/01nkt;/food/food/nutrients./food/nutrition_fact/nutrient;/m/0h1vg;/m/01nkt;/food/food/nutrients./food/nutrition_fact/nutrient;/m/0h1yy;/m/01nkt;/food/food/nutrients./food/nutrition_fact/nutrient;/m/0838f;/m/01nkt;/food/food/nutrients./food/nutrition_fact/nutrient;/m/0q01m;7.048265;1;9.384972;1;9.363611;5;6.8458915;5;4.505339896301578
/m/01grr2;/government/legislative_session/members./government/government_position_held/district_represented;/m/05k7sb;/m/01grr2;/government/legislative_session/members./government/government_position_held/district_represented;/m/06btq;/m/01grr2;/government/legislative_session/members./government/government_position_held/district_represented;/m/059rby;/m/01grr2;/government/legislative_session/members./government/government_position_held/district_represented;/m/07_f2;/m/01grr2;/government/legislative_session/members./government/government_position_held/legislative_sessions;/m/01grpc;6.84001;1;8.161161;1;8.11355;4;6.810492;3;3.511900561182386
/m/01gsvb;/government/legislative_session/members./government/government_position_held/district_represented;/m/04rrd;/m/01gsvb;/government/legislative_session/members./government/government_position_held/district_represented;/m/026mj;/m/01gssm;/government/legislative_session/members./government/government_position_held/legislative_sessions;/m/01gsvb;/m/01gsvb;/government/legislative_session/members./government/government_position_held/district_represented;/m/05tbn;/m/01gsvb;/government/legislative_session/members./government/government_position_held/district_represented;/m/07z1m;6.7556643;1;8.339658;1;8.182337;4;6.6832485;3;3.5392493260631435
/m/070mff;/government/legislative_session/members./government/government_position_held/district_represented;/m/05fhy;/m/070mff;/government/legislative_session/members./government/government_position_held/district_represented;/m/0846v;/m/070mff;/government/legislative_session/members./government/government_position_held/district_represented;/m/04ych;/m/070mff;/government/legislative_session/members./government/government_position_held/district_represented;/m/0488g;/m/070mff;/government/legislative_session/members./government/government_position_held/district_represented;/m/06mz5;6.574418;1;8.023328;1;7.8552275;5;6.103574;5;4.541926406972674
/m/01h7xx;/government/legislative_session/members./government/government_position_held/legislative_sessions;/m/043djx;/m/01gtcc;/government/legislative_session/members./government/government_position_held/legislative_sessions;/m/01h7xx;/m/01h7xx;/government/legislative_session/members./government/government_position_held/legislative_sessions;/m/01gtcq;/m/01h7xx;/government/legislative_session/members./government/government_position_held/legislative_sessions;/m/01gtbb;/m/01h7xx;/government/legislative_session/members./government/government_position_held/legislative_sessions;/m/01gtdd;7.837269;1;8.468839;2;8.380662;6;7.6402726;2;4.52202990987902
/m/06n8j;/location/location/time_zones;/m/02llzg;/m/0166b;/location/country/capital;/m/06n8j;/m/0166b;/location/location/contains;/m/06n8j;/m/027jq2;/people/person/place_of_birth;/m/06n8j;/m/027jq2;/people/person/places_lived./people/place_lived/location;/m/06n8j;6.563317;1;6.325315;1;2.3062046;1;4.56336;1;0.9823482453067837
/m/050ks;/location/statistical_region/religions./location/religion_percentage/religion;/m/01y0s9;/m/050ks;/location/statistical_region/religions./location/religion_percentage/religion;/m/019cr;/m/050ks;/location/statistical_region/religions./location/religion_percentage/religion;/m/072w0;/m/050ks;/location/statistical_region/religions./location/religion_percentage/religion;/m/05w5d;/m/050ks;/location/statistical_region/religions./location/religion_percentage/religion;/m/04pk9;6.8763704;1;9.103221;1;8.901994;5;7.0085154;4;4.550137728094642
/m/0781g;/music/genre/artists;/m/02vgh;/m/0781g;/music/genre/artists;/m/0473q;/m/0781g;/music/genre/artists;/m/0pqp3;/m/0781g;/music/genre/artists;/m/01mxnvc;/m/0781g;/music/genre/artists;/m/012vm6;6.7003317;1;8.243901;1;7.468547;6;5.1657157;23;5.684678015017567
/m/0175yg;/music/genre/artists;/m/02qsjt;/m/0175yg;/music/genre/artists;/m/01w60_p;/m/0175yg;/music/genre/artists;/m/01kh2m1;;;;;;;7.077843;1;8.105831;2;6.676173;14;5.0407295;15;12.806848012653422
/m/0296y;/music/genre/artists;/m/016lj_;/m/0296y;/music/genre/parent_genre;/m/03lty;/m/0296y;/music/genre/parent_genre;/m/0jrv_;/m/0296y;/music/genre/artists;/m/01shhf;/m/0296y;/music/genre/artists;/m/01wt4wc;6.998774;1;8.672313;1;7.2274475;4;5.79477;3;3.8092069292395774
/m/0lbd9;/olympics/olympic_games/medals_awarded./olympics/olympic_medal_honor/medal;/m/02lq5w;/m/0lbd9;/olympics/olympic_games/participating_countries;/m/07ssc;/m/09c7w0;/olympics/olympic_participating_country/athletes./olympics/olympic_athlete_affiliation/olympics;/m/0lbd9;/m/09c7w0;/olympics/olympic_participating_country/medals_won./olympics/olympic_medal_honor/olympics;/m/0lbd9;/m/0f8l9c;/olympics/olympic_participating_country/medals_won./olympics/olympic_medal_honor/olympics;/m/0lbd9;8.3867445;1;11.827806;1;11.651012;1;8.26357;1;0.5440837488285093
/m/0h3y;/olympics/olympic_participating_country/athletes./olympics/olympic_athlete_affiliation/olympics;/m/0kbvb;/m/06z6r;/olympics/olympic_sport/athletes./olympics/olympic_athlete_affiliation/country;/m/0h3y;/m/01cgz;/olympics/olympic_sport/athletes./olympics/olympic_athlete_affiliation/country;/m/0h3y;/m/0bynt;/olympics/olympic_sport/athletes./olympics/olympic_athlete_affiliation/country;/m/0h3y;/m/071t0;/olympics/olympic_sport/athletes./olympics/olympic_athlete_affiliation/country;/m/0h3y;6.6318784;1;10.340439;1;10.147835;1;6.443932;1;0.5480027142081476
/m/01d8l;/olympics/olympic_participating_country/medals_won./olympics/olympic_medal_honor/medal;/m/02lq67;/m/01d8l;/olympics/olympic_participating_country/medals_won./olympics/olympic_medal_honor/olympics;/m/018ljb;/m/016r9z;/olympics/olympic_games/participating_countries;/m/01d8l;/m/01d8l;/olympics/olympic_participating_country/medals_won./olympics/olympic_medal_honor/medal;/m/02lq5w;/m/04syw;/government/government_office_category/officeholders./government/government_position_held/jurisdiction_of_office;/m/01d8l;6.1723094;1;8.176948;2;7.039435;3;4.6791506;1;1.7572226721195834
/m/01cf5;/organization/non_profit_organization/registered_with./organization/non_profit_registration/registering_agency;/m/03z19;/m/01cf5;/common/topic/webpage./common/webpage/category;/m/08mbj5d;/m/01cf5;/business/business_operation/operating_income./measurement_unit/dated_money_value/currency;/m/09nqf;/m/01cf5;/organization/organization/headquarters./location/mailing_address/country;/m/09c7w0;/m/09c7w0;/location/location/contains;/m/01cf5;9.647506;1;12.994444;1;12.018213;1;9.186759;1;0.72635964929358
/m/01xl5;/organization/organization/headquarters./location/mailing_address/citytown;/m/0tbql;/m/01xl5;/organization/organization/headquarters./location/mailing_address/state_province_region;/m/0488g;;;;;;;;;;7.775865;1;9.236214;1;4.9633703;18;1.8763496;137;17.98624962453128
/m/01rv7x;/people/ethnicity/people;/m/0dfjb8;/m/01rv7x;/people/ethnicity/people;/m/01gg59;/m/01rv7x;/people/ethnicity/people;/m/02n1p5;/m/01rv7x;/people/ethnicity/people;/m/0gp_x9;;;;6.4677315;1;7.228608;1;6.7675347;7;5.038249;17;6.613268785210199
/m/06wvfq;/people/person/gender;/m/02zsn;/m/06wvfq;/award/award_nominee/award_nominations./award/award_nomination/award;/m/03r8v_;/m/06wvfq;/people/person/spouse_s./people/marriage/type_of_union;/m/04ztj;/m/06wvfq;/people/person/profession;/m/02hrh1q;/m/03r8v_;/award/award_category/winners./award/award_honor/award_winner;/m/06wvfq;8.233343;1;10.505415;1;6.7753425;2;5.8557987;2;1.9765709911517924
/m/05slvm;/people/person/gender;/m/02zsn;/m/029_l;/award/award_nominee/award_nominations./award/award_nomination/award_nominee;/m/05slvm;/m/05slvm;/award/award_nominee/award_nominations./award/award_nomination/award;/m/02ppm4q;/m/05slvm;/award/award_nominee/award_nominations./award/award_nomination/award_nominee;/m/029_l;/m/05slvm;/film/actor/film./film/performance/film;/m/083shs;6.528137;1;7.3033133;1;6.821187;1;6.4689255;1;0.6182498285712377
/m/03_hd;/people/person/places_lived./people/place_lived/location;/m/04jpl;/m/0dplh;/education/educational_institution/students_graduates./education/education/student;/m/03_hd;/m/03_hd;/people/person/spouse_s./people/marriage/type_of_union;/m/04ztj;/m/03_hd;/people/person/gender;/m/05zppz;;;;5.7605157;1;6.9219127;1;4.8074746;12;3.9705667;4;11.892298581756927
/m/02cvp8;/people/person/places_lived./people/place_lived/location;/m/0cr3d;/m/02sdwt;/education/educational_institution/students_graduates./education/education/student;/m/02cvp8;/m/02cvp8;/people/person/profession;/m/02hrh1q;/m/02cvp8;/people/person/spouse_s./people/marriage/type_of_union;/m/04ztj;/m/02cvp8;/people/person/gender;/m/05zppz;7.798685;1;10.940706;1;8.164197;1;5.543264;1;0.9413931509036502
/m/045cq;/people/person/profession;/m/02jknp;/m/045cq;/people/person/spouse_s./people/marriage/type_of_union;/m/04ztj;/m/045cq;/people/person/profession;/m/02krf9;/m/045cq;/people/person/profession;/m/01d_h8;/m/045cq;/award/award_nominee/award_nominations./award/award_nomination/award;/m/05f4m9q;7.5298743;1;10.060039;1;8.628729;5;5.999715;5;4.807105300177711
/m/06p0s1;/people/person/profession;/m/0dgd_;/m/06p0s1;/award/award_nominee/award_nominations./award/award_nomination/award;/m/0gr0m;/m/06p0s1;/people/person/gender;/m/05zppz;/m/0267wwv;/film/film/cinematography;/m/06p0s1;/m/02gqm3;/film/film/cinematography;/m/06p0s1;7.264412;1;8.633365;1;6.866794;1;5.8816967;1;0.8540306690949242
/m/01pcvn;/people/person/profession;/m/0d1pc;/m/01pcvn;/base/popstra/celebrity/friendship./base/popstra/friendship/participant;/m/01pgzn_;/m/01pgzn_;/base/popstra/celebrity/friendship./base/popstra/friendship/participant;/m/01pcvn;/m/01pcvn;/people/person/gender;/m/02zsn;/m/01pcvn;/people/person/spouse_s./people/marriage/type_of_union;/m/04ztj;6.7669053;1;8.178821;1;7.857757;1;6.4947443;1;0.5795834178744773
/m/016hvl;/people/person/profession;/m/0dxtg;/m/016hvl;/people/person/profession;/m/0cbd2;/m/016hvl;/people/person/profession;/m/02jknp;/m/016hvl;/people/person/profession;/m/05z96;/m/016hvl;/people/person/gender;/m/05zppz;6.8656464;1;8.543633;1;7.330998;4;6.1580887;3;3.770764941202941
/m/0565cz;/people/person/profession;/m/09jwl;/m/0565cz;/common/topic/webpage./common/webpage/category;/m/08mbj5d;/m/018vs;/music/instrument/instrumentalists;/m/0565cz;/m/0565cz;/people/person/gender;/m/05zppz;/m/0342h;/music/instrument/instrumentalists;/m/0565cz;7.358041;1;10.393639;1;9.684098;1;6.8875723;1;0.6702995897924423
/m/099d4;/people/person/profession;/m/01d_h8;/m/099d4;/people/person/profession;/m/0dxtg;/m/099d4;/people/person/profession;/m/02jknp;/m/099d4;/people/person/profession;/m/02hrh1q;/m/099d4;/people/person/gender;/m/05zppz;6.889437;1;9.467786;1;7.4690275;2;5.119252;4;1.880666647472339
/m/01ggc9;/people/person/profession;/m/03gjzk;/m/01ggc9;/people/person/religion;/m/02rsw;/m/01ggc9;/people/person/nationality;/m/09c7w0;/m/04ljl_l;/award/award_category/winners./award/award_honor/award_winner;/m/01ggc9;/m/0557yqh;/tv/tv_program/regular_cast./tv/regular_tv_appearance/actor;/m/01ggc9;5.5430784;1;6.9007154;1;6.6469545;1;5.4880323;1;0.5631019480620824
/m/0ckm4x;/people/person/profession;/m/0np9r;/m/0ckm4x;/common/topic/webpage./common/webpage/category;/m/08mbj5d;/m/0ckm4x;/film/actor/dubbing_performances./film/dubbing_performance/language;/m/02h40lc;/m/0ckm4x;/people/person/spouse_s./people/marriage/type_of_union;/m/04ztj;/m/0ckm4x;/film/actor/film./film/performance/film;/m/02z5x7l;7.022687;1;9.072948;2;8.039385;2;6.247839;2;0.7376061931846899
/m/035sc2;/people/person/profession;/m/01d_h8;/m/035sc2;/people/person/profession;/m/0dxtg;/m/035sc2;/people/person/profession;/m/03gjzk;/m/035sc2;/people/person/profession;/m/02jknp;/m/035sc2;/award/award_nominee/award_nominations./award/award_nomination/award;/m/0gvx_;7.227632;1;9.992811;1;8.45642;3;5.862114;2;2.822939507852073
/m/01t6xz;/people/person/profession;/m/01d_h8;/m/01t6xz;/award/award_winner/awards_won./award/award_honor/award_winner;/m/014zcr;/m/01t6xz;/award/award_nominee/award_nominations./award/award_nomination/award_nominee;/m/014zcr;/m/014zcr;/award/award_winner/awards_won./award/award_honor/award_winner;/m/01t6xz;/m/01t6xz;/people/person/nationality;/m/09c7w0;5.893748;1;7.0177913;1;6.803558;1;5.864015;1;0.553354442801039
/m/04l19_;/people/person/profession;/m/0dxtg;/m/04l19_;/people/person/profession;/m/0cbd2;/m/04l19_;/people/person/profession;/m/01d_h8;/m/04l19_;/common/topic/webpage./common/webpage/category;/m/08mbj5d;/m/04l19_;/people/person/profession;/m/03gjzk;7.297355;1;9.378158;1;8.35941;2;6.6241403;1;1.7347285226694682
/m/0259r0;/people/person/profession;/m/09jwl;/m/0259r0;/people/person/profession;/m/016z4k;/m/05148p4;/music/instrument/instrumentalists;/m/0259r0;/m/0259r0;/people/person/nationality;/m/09c7w0;/m/0259r0;/people/person/spouse_s./people/marriage/type_of_union;/m/04ztj;7.5960045;1;10.597999;1;10.2066765;2;7.285991;2;1.5966009360469968
/m/01r4zfk;/people/person/profession;/m/01d_h8;/m/01r4zfk;/people/person/profession;/m/03gjzk;/m/01r4zfk;/people/person/profession;/m/0dxtg;/m/01r4zfk;/common/topic/webpage./common/webpage/category;/m/08mbj5d;/m/01r4zfk;/people/person/profession;/m/02hrh1q;6.560897;1;9.805548;1;8.284028;4;5.581814;5;3.8207621493968187
/m/05wdgq;/people/person/religion;/m/03j6c;/m/05wdgq;/people/person/nationality;/m/03rk0;/m/05wdgq;/common/topic/webpage./common/webpage/category;/m/08mbj5d;/m/05wdgq;/people/person/profession;/m/02hrh1q;/m/05wdgq;/people/person/gender;/m/05zppz;8.150433;1;11.525177;1;9.552387;1;7.1736574;1;0.87791044582043
/m/01y665;/people/person/religion;/m/03_gx;/m/041rx;/people/ethnicity/people;/m/01y665;/m/02kxwk;/award/award_nominee/award_nominations./award/award_nomination/award_nominee;/m/01y665;/m/01y665;/film/actor/film./film/performance/film;/m/06ztvyx;/m/01y665;/people/person/place_of_birth;/m/0b1t1;6.1296387;1;6.9688215;1;6.3016148;2;5.7137985;2;1.660877425110378
/m/01y3c;/sports/professional_sports_team/draft_picks./sports/sports_league_draft_pick/draft;/m/02qw1zx;/m/01y3c;/sports/professional_sports_team/draft_picks./sports/sports_league_draft_pick/school;/m/05krk;/m/01y3c;/sports/professional_sports_team/draft_picks./sports/sports_league_draft_pick/draft;/m/03nt7j;/m/01y3c;/sports/sports_team/colors;/m/083jv;/m/01y3c;/sports/sports_team/colors;/m/01g5v;8.158339;1;11.144904;1;11.010145;2;8.133001;2;1.533638846005808
/m/01slc;/sports/sports_team/colors;/m/083jv;/m/01slc;/sports/professional_sports_team/draft_picks./sports/sports_league_draft_pick/school;/m/07w0v;/m/028c_8;/sports/sports_position/players./sports/sports_team_roster/team;/m/01slc;/m/01z9v6;/sports/sports_position/players./sports/sports_team_roster/team;/m/01slc;/m/01slc;/sports/sports_team/colors;/m/019sc;6.549936;1;7.356129;1;7.013336;3;6.1721826;1;2.584868813134073
/m/04zxrt;/sports/sports_team/colors;/m/083jv;/m/04zxrt;/soccer/football_team/current_roster./sports/sports_team_roster/position;/m/0dgrmp;/m/02sdk9v;/sports/sports_position/players./sports/sports_team_roster/team;/m/04zxrt;/m/04zxrt;/sports/sports_team/sport;/m/02vx4;/m/04zxrt;/soccer/football_team/current_roster./soccer/football_roster_position/position;/m/0dgrmp;6.6048183;1;9.54536;1;8.791816;1;5.6411405;1;0.6799503963459643
/m/04c9bn;/sports/sports_team/roster./baseball/baseball_roster_position/position;/m/02wszf;/m/04c9bn;/sports/sports_team/roster./baseball/baseball_roster_position/position;/m/028c_8;/m/04c9bn;/sports/sports_team/sport;/m/018jz;/m/04c9bn;/sports/sports_team/roster./baseball/baseball_roster_position/position;/m/01z9v6;/m/02lyr4;/sports/sports_position/players./sports/sports_team_roster/team;/m/04c9bn;7.930234;1;12.033995;1;4.838869;3;2.4638243;11;2.999250328563745
/m/071vr;/travel/travel_destination/climate./travel/travel_destination_monthly_climate/month;/m/03_ly;/m/071vr;/travel/travel_destination/climate./travel/travel_destination_monthly_climate/month;/m/04wzr;/m/071vr;/travel/travel_destination/climate./travel/travel_destination_monthly_climate/month;/m/0ll3;/m/071vr;/travel/travel_destination/climate./travel/travel_destination_monthly_climate/month;/m/02xx5;/m/071vr;/travel/travel_destination/climate./travel/travel_destination_monthly_climate/month;/m/06vkl;7.4059906;1;9.471493;1;9.136892;5;7.2149525;3;4.582878314015871
/m/02q4mt;/tv/tv_producer/programs_produced./tv/tv_producer_term/producer_type;/m/0ckd1;/m/02q4mt;/people/person/profession;/m/0dxtg;/m/02q4mt;/people/person/profession;/m/03gjzk;/m/02q4mt;/people/person/gender;/m/05zppz;/m/02q4mt;/people/person/spouse_s./people/marriage/type_of_union;/m/04ztj;7.9232454;1;10.14345;1;8.722438;1;6.3789988;1;0.8054970052692442
/m/0sw0q;/tv/tv_program/genre;/m/01z4y;/m/0sw0q;/tv/tv_program/genre;/m/05p553;/m/0sw0q;/tv/tv_program/languages;/m/02h40lc;/m/0sw0q;/tv/tv_program/country_of_origin;/m/09c7w0;/m/07c52;/media_common/netflix_genre/titles;/m/0sw0q;6.596987;1;8.817267;1;7.2645283;2;5.279804;2;1.825308997207907
/m/02k_4g;/tv/tv_program/tv_producer./tv/tv_producer_term/producer_type;/m/0ckd1;/m/02k_4g;/award/award_winning_work/awards_won./award/award_honor/award;/m/0m7yy;/m/02k_4g;/tv/tv_program/languages;/m/02h40lc;/m/07c52;/media_common/netflix_genre/titles;/m/02k_4g;/m/0gsg7;/tv/tv_network/programs./tv/tv_network_duration/program;/m/02k_4g;9.11182;1;10.96297;1;10.282276;1;8.460011;1;0.6638934900444549
/m/0gjm7;/user/tsegaran/random/taxonomy_subject/entry./user/tsegaran/random/taxonomy_entry/taxonomy;/m/04n6k;/m/0gjm7;/people/profession/specialization_of;/m/09j9h;;;;;;;;;;3.3492687;1;1.9127543;3;0.43471208;1798;3.0523412;1;1795.8142766912374
